{
    "PM-H (E)": {
        "color": [0.12156862745098039, 0.4666666666666667, 0.7058823529411765],
        "linestyle": "solid"
    },
    "JJ": {
        "color": [1.0, 0.4980392156862745, 0.054901960784313725],
        "linestyle": "dashed"
    },
    "IPM-H": {
        "color": [0.415, 0.254, 0.882],
        "linestyle": [0, [5, 5]]
    },
    "IS": {
        "color": [0.792, 0.254, 0.882],
        "linestyle": [0, [5, 10]]
    }
}
